,name,value
0,Organic Dispense Vol.,0.9128046093753883
1,Solvent Dispense Vol.,0.8294280819273115
2,Inorganic Dispense Vol.,0.7124097174584686
3,Acid Dispense 1,0.5161344532582313
4,Acid Dispense 2,0.34820737481804576
5,Mass Organoammonium,0.3030429143617332
6,Organic Dispense Vol. 2,0.29554329607202684
7,'_raw_reagent_1_chemicals_2_actual_amount',0.2750671039464107
8,'_raw_reagent_2_chemicals_1_actual_amount',0.2422094219987205
9,O.H. CyMeNH<sub>3</sub>,0.24022029017173893
10,'_onehot_FCTHQYIDLRRROX-UHFFFAOYSA-N',0.23889513260090978
11,'_raw_molweight',0.17079904453985556
12,'_raw_reagent_1_chemicals_1_actual_amount',0.15328269246762935
13,'_raw_reagent_1_chemicals_0_actual_amount',0.1506368487144022
14,'_raw_reagent_0_chemicals_0_actual_amount',0.13354094634347274
15,'_raw_reagent_5_chemicals_0_actual_amount',0.11081726092331186
16,'_raw_reagent_6_chemicals_0_actual_amount',0.10048502461314472
17,Inorganic Dispense Vol. 2,0.07335713443276307
18,O.H. Formamidinium,0.06241421445303597
19,'_raw_reagent_4_chemicals_0_actual_amount',0.052872400645662176
