,name,value
0,Org. Conc. (SolUD),0.6775295612541744
1,Acid Conc. (SolUD),0.6454045831019601
2,Inorg. Conc. (SolUD),0.5140983797553162
3,Inorganic Dispense Vol.,0.49926746782841985
4,Organic Dispense Vol.,0.45866041566348204
5,Solvent Dispense Vol.,0.4532102488605013
6,'_onehot_FCTHQYIDLRRROX-UHFFFAOYSA-N',0.3448153395474474
7,Mass Organoammonium,0.31228336102204457
8,O.H. CyMeNH<sub>3</sub>,0.3097565917869277
9,'_raw_reagent_1_chemicals_2_actual_amount',0.2636220460816134
10,Acid Dispense 1,0.19856036490071544
11,'_raw_reagent_5_chemicals_0_actual_amount',0.19232404847945955
12,'_raw_reagent_2_chemicals_1_actual_amount',0.1820489868152916
13,'_raw_molweight',0.1697196062344018
14,Organic Dispense Vol. 2,0.16898664875795455
15,'_raw_reagent_1_chemicals_1_actual_amount',0.15375318542171154
16,Acid Dispense 2,0.10951319978195428
17,'_raw_reagent_4_chemicals_0_actual_amount',0.10305266606892476
18,'_raw_reagent_0_chemicals_0_actual_amount',0.08446384140954526
19,'_raw_reagent_6_chemicals_0_actual_amount',0.06745922839900391
