,name,value
0,Org. Conc. (SolUD),1.6672657228134098
1,Inorg. Conc. (SolUD),1.2666829414623404
2,Acid Conc. (SolUD),1.1838616159046684
3,O.H. CyMeNH<sub>3</sub>,0.30586692943579064
4,O.H. MeNH<sub>3</sub>,0.19585196929784768
5,O.H. Formamidinium,0.1670096063174203
6,'_onehot_KFQARYBEAKAXIC-UHFFFAOYSA-N',0.16695696356281414
7,'_onehot_FCTHQYIDLRRROX-UHFFFAOYSA-N',0.1528015206999509
8,'_onehot_JBOIAZWJIACNJF-UHFFFAOYSA-N',0.13834203774285284
9,'_rxn_temperatureC_actual_bulk',0.12204723310045865
10,'_onehot_UUDRLGYROXTISK-UHFFFAOYSA-N',0.09348482485931729
11,'_onehot_GGYGJCFIYJVWIP-UHFFFAOYSA-N',0.07954986408401203
12,'_onehot_KOAGKPNEVYEZDU-UHFFFAOYSA-N',0.07021507164074575
13,'_onehot_NOHLSFNWSBZSBW-UHFFFAOYSA-N',0.06560705501806162
14,'_onehot_VNAAUNTYIONOHR-UHFFFAOYSA-N',0.06262736420283384
15,'_onehot_NLJDBTZLVTWXRG-UHFFFAOYSA-N',0.06000976003159011
16,'_onehot_XFYICZOIWSBQSK-UHFFFAOYSA-N',0.0571940926683019
17,'_onehot_QRFXELVDJSDWHX-UHFFFAOYSA-N',0.05644282192849061
18,'_onehot_FJFIJIDZQADKEE-UHFFFAOYSA-N',0.04113961632673295
19,'_onehot_VMLAEGAAHIIWJX-UHFFFAOYSA-N',0.03293567303225634
