,name,value
0,Org. Conc. (SolV),1.6665366827740262
1,Inorg. Conc. (SolV),1.2551600351059813
2,Acid Conc. (SolV),1.101338749029869
3,O.H. CyMeNH<sub>3</sub>,0.35541841577673966
4,O.H. MeNH<sub>3</sub>,0.22101869976657113
5,O.H. Formamidinium,0.19370274702884696
6,'_onehot_KFQARYBEAKAXIC-UHFFFAOYSA-N',0.17388348747081406
7,'_onehot_JBOIAZWJIACNJF-UHFFFAOYSA-N',0.14536052017418288
8,'_onehot_FCTHQYIDLRRROX-UHFFFAOYSA-N',0.12806621405663596
9,'_onehot_UUDRLGYROXTISK-UHFFFAOYSA-N',0.10212953374856966
10,'_onehot_GGYGJCFIYJVWIP-UHFFFAOYSA-N',0.09189238710013892
11,'_rxn_temperatureC_actual_bulk',0.09040280446193769
12,'_onehot_XFYICZOIWSBQSK-UHFFFAOYSA-N',0.09011857123954677
13,'_onehot_KOAGKPNEVYEZDU-UHFFFAOYSA-N',0.07573974021379695
14,'_onehot_QRFXELVDJSDWHX-UHFFFAOYSA-N',0.06908661370616605
15,'_onehot_VNAAUNTYIONOHR-UHFFFAOYSA-N',0.05744077152245654
16,'_onehot_NLJDBTZLVTWXRG-UHFFFAOYSA-N',0.05006106778334524
17,'_onehot_NOHLSFNWSBZSBW-UHFFFAOYSA-N',0.04652429298418368
18,'_onehot_VMLAEGAAHIIWJX-UHFFFAOYSA-N',0.04114098992170917
19,'_onehot_FJFIJIDZQADKEE-UHFFFAOYSA-N',0.032558185715741324
