,name,value
0,Organic Dispense Vol.,1.029655869
1,Solvent Dispense Vol.,0.899270809
2,Inorganic Dispense Vol.,0.758799271
3,Avg Surface Area,0.735571265
4,Acid Dispense 1,0.44915013
5,Acid Dispense 2,0.373126171
6,Organic Dispense Vol. 2,0.337126489
7,Inorganic Solution - GBL Volume ,0.145734811
8,"FAH (On ROBOT DECK, portion 1)",0.145015651
9,Inorganic Solution - Organoammonium mass used,0.129106011
10,Polar Surface Area,0.120781327
11,Mass Organoammonium (in organoammonium solution),0.120299404
12,"FAH (On ROBOT DECK, portion 2)",0.120240828
13,Inorganic Solution - PbI2,0.105731296
14,Organoammonium solution - GBL used in prep,0.104693048
15,Inorganic Dispense Vol. 2,0.104525018
16,GBL (on robot deck),0.103056315
17,'_feat_LengthPerpendicularToTheMaxArea',0.065869216
18,Secondary Organic Slot on robot - Organoammonium Amount,0.048943471
19,'_rxn_temperatureC_actual_bulk',0.039926929