,name,value
0,Organic Dispense Vol.,0.790839009842469
1,Inorg. Conc. (SolUD),0.7890463344644911
2,Avg Surface Area,0.7498077325099772
3,Solvent Dispense Vol.,0.57594814577402
4,Acid Conc. (SolUD),0.5603844880882641
5,Inorganic Dispense Vol.,0.4278880146744518
6,Org. Conc. (SolUD),0.4005233645098668
7,Mass Organoammonium,0.251635785546566
8,Acid Dispense 2,0.24414303341537702
9,Acid Dispense 1,0.2051924130779812
10,Organic Dispense Vol. 2,0.18684976108050705
11,'_raw_reagent_2_chemicals_1_actual_amount',0.10668517436011295
12,'_raw_reagent_5_chemicals_0_actual_amount',0.10523978528703704
13,Polar Surface Area,0.09521138020025055
14,'_raw_reagent_6_chemicals_0_actual_amount',0.09081477350659474
15,'_raw_reagent_1_chemicals_2_actual_amount',0.08227490120513073
16,'_raw_reagent_1_chemicals_0_actual_amount',0.07916134526065738
17,'_raw_reagent_0_chemicals_0_actual_amount',0.06860585730059465
18,'_feat_AliphaticRingCount',0.05209338579433876
19,'_raw_reagent_1_chemicals_1_actual_amount',0.0312609511002849
