,name,value
0,Inorg. Conc. (SolUD),1.4474722005050746
1,Org. Conc. (SolUD),1.1604744897213648
2,Avg Surface Area,1.0863725554491188
3,Acid Conc. (SolUD),1.0173062982433785
4,Polar Surface Area,0.14534597618835812
5,# Aliphatic Atoms,0.14352323381490226
6,'_feat_ChainAtomCount',0.13999485306471834
7,Min. Projection Area,0.13755549248667945
8,'_feat_Refractivity',0.11373013143312001
9,'_feat_ASA_H',0.10267801008147073
10,'_feat_BalabanIndex',0.09717069583198029
11,'_rxn_temperatureC_actual_bulk',0.08181048304434438
12,'_feat_LengthPerpendicularToTheMaxArea',0.07250967206381359
13,'_feat_maximalprojectionsize',0.04421411092445636
14,Org. Min. Radius,0.043596462861759555
15,'_feat_LengthPerpendicularToTheMinArea',0.03231164076109693
16,'_feat_ASA+',0.025702597754245184
17,'_feat_ASA',0.022477677770888854
18,'_feat_minimalprojectionsize',0.01576654115119548
19,'_feat_CarboaliphaticRingCount',0.01272932053425858
