,name,value
0,Org. Conc. (SolV),1.3870107410187082
1,Inorg. Conc. (SolV),1.3381266871717634
2,Avg Surface Area,1.123152508645007
3,Acid Conc. (SolV),0.9814034342969595
4,# Aliphatic Atoms,0.16246937245422297
5,Min. Projection Area,0.14207210224804534
6,'_feat_ChainAtomCount',0.14031307857674846
7,'_feat_ASA_H',0.11463015526066686
8,Polar Surface Area,0.10851664961875444
9,'_feat_BalabanIndex',0.1046804313747498
10,'_rxn_temperatureC_actual_bulk',0.06350325422704088
11,'_feat_maximalprojectionsize',0.05072750186925558
12,'_feat_LengthPerpendicularToTheMaxArea',0.05005991080199555
13,Org. Min. Radius,0.03747886159110686
14,'_feat_ASA',0.0355881443081514
15,'_feat_minimalprojectionsize',0.028668029710141547
16,'_feat_ASA+',0.023004906725788105
17,'_feat_molsurfaceareaASAp',0.022019183307120476
18,'_feat_Refractivity',0.017330839806010225
19,'_feat_MaximalProjectionRadius',0.014815539942747265
